<xml xmlns:o="urn:schemas-microsoft-com:office:office">
 <o:MainFile HRef="../RN4020DFUUtilityHelp.htm"/>
 <o:File HRef="themedata.thmx"/>
 <o:File HRef="colorschememapping.xml"/>
 <o:File HRef="image013.png"/>
 <o:File HRef="image007.jpg"/>
 <o:File HRef="image015.png"/>
 <o:File HRef="image008.jpg"/>
 <o:File HRef="image017.png"/>
 <o:File HRef="image009.jpg"/>
 <o:File HRef="image019.png"/>
 <o:File HRef="image010.jpg"/>
 <o:File HRef="image021.png"/>
 <o:File HRef="image012.jpg"/>
 <o:File HRef="image011.png"/>
 <o:File HRef="image014.jpg"/>
 <o:File HRef="filelist.xml"/>
</xml>